INSERT INTO country (country_id, name) VALUES
  (1, 'USA'),
  (2, 'France'),
  (3, 'Great Britain'),
  (4, 'Italy'),
  (5, 'Germany'),
  (6, 'Japan'),
  (7, 'Spain');
INSERT INTO genre (genre_id, name) VALUES
  (1, 'drama'),
  (2, 'crime'),
  (3, 'fantasy'),
  (4, 'detective'),
  (5, 'melodrama'),
  (6, 'biography'),
  (7, 'comedy'),
  (8, 'fantasy'),
  (9, 'thriller'),
  (10, 'thriller'),
  (11, 'adventures'),
  (12, 'anime'),
  (13, 'cartoon'),
  (14, 'family'),
  (15, 'western');

INSERT INTO movie (movie_id, name_Russian, name_Native, year_Of_Release, description, rating, price) VALUES
  (1, 'Shawshank Redemption', 'The Shawshank Redemption', 1994, 'Successful banker Andy Dufrain is accused of murdering his own wife and her lover.Having been imprisoned under the name of Shawshank, he faces the cruelty and lawlessness that reigns on both sides of the lattice Everyone who enters these walls becomes their slave for the rest of his life, but Andy, armed with a living mind and good heart, refuses to put up with the verdict of fate and begins to work out an incredibly daring plan for his release. ', 8.9, 123.45),
  (2, 'The Green Mile', 'The Green Mile', 1999, 'Accused of a terrible crime, John Coffey is on the death row of the Cold Mountain prison. "The newcomer was strikingly tall and frighteningly calm, which, incidentally, influenced the attitude of the unit''s chief, Paul Edgcombe, accustomed to carrying out the sentence. ', 8.9, 134.67),
(3, 'Forrest Gump', 'Forrest Gump', 1994, 'On behalf of the main character Forrest Gump, a feeble-minded innocent person with a noble and open heart, the story of his extraordinary life is told. In a fantastic way he turns into a famous football player, a war hero, he becomes a billionaire, but he remains just as simple-minded, stupid and kind.Forrest expects constant success in everything, and he loves the girl he was friends with in childhood, but reciprocity comes too late. ', 8.6, 200.6),
(4, 'Schindler''s List', 'Schindler''s List', 1993, 'The film tells the real story of the mysterious Oscar Schindler, a member of the Nazi Party, a successful factory owner who saved nearly 1,200 Jews during the Second World War.', 8.7, 150.5) ,
(5, '1 + 1', 'Intouchables', 2011,' Having suffered as a result of the accident, the rich aristocrat Philip hires a man who is least suitable for this work - a young resident of the suburb of Drissa, who was just released from prison. Despite the fact that Philip is chained to a wheelchair, Drissa manages to bring the spirit of adventure to the measured life of an aristocrat. ', 8.3, 120),
(6, 'Inception','Inception', 2010, 'Cobb is a talented thief, the best of the best in the dangerous art of extraction: he steals valuable secrets from the depths of the subconscious during sleep, when the human mind is most vulnerable. "Cobb''s rare abilities made him valuable a player in the world of industrial espionage, customary to betrayal, but they also turned him into an eternal fugitive and deprived of everything he ever loved. ', 8.6, 130),
(7, 'Life is beautiful', 'La vita è bella', 1997, 'During the Second World War in Italy, Jews, a father and his little son were sent to a concentration camp. "His wife, an Italian, voluntarily followed them. told his son that everything that is happening around is a very big game for the prize in a real tank, which will get to that boy who can not catch the eye of the guards. "He did everything that the son could believe in the game and stay alive while hiding in the barrack. ', 8.2 , 145.99),
(8, 'Fight Club', 'Fight Club', 1999, 'Tearful of chronic insomnia and desperately trying to escape from excruciatingly boring life, the clerk meets a certain Tyler Darden, a charismatic soap seller with a perverted philosophy.Tyler is sure that self-improvement is the lot of the weak, and self-destruction is the only thing worth living for. ', 8.4, 119.99),
(9, 'Star Wars: Episode 4 - A New Hope', 'Star Wars', 1977, 'Tatooine.'' The Desert Planet. The already old Jedi Knight, Obi Wan Kenobi, rescues the young Luke Skywalker when he tries to find the missing droid. Luke realizes his true purpose: he is one of the Jedi Knights.While the civil war swept the galaxy and the rebel forces fighting against the forces of the evil Emperor, Luke and Obi Wan are joined by the desperate pilot-hunter Han Solo, and accompanied by two droids, R2D2 and C-3PO, this unusual squad is sent to claims the leader of the rebels -. Princess Leia desperate heroes have to fight with the fearsome Darth Vader - the right hand of the Emperor and his secret weapon - ''Death Star'' ', 8.1, 198.98),
(10, 'Star Wars: Episode 5 - The Empire Strikes Back', 'Star Wars: Episode V - The Empire Strikes Back', 1980, 'The Struggle for the Galaxy is exacerbated in the fifth episode of the Space Saga: The Emperor''s troops begin a massive attack on the rebels and their allies, Han Solo and Princess Leia are hiding in the Cloud City where Darth Vader captures them, while Luke Skywalker is on the mysterious planet of the Dagoba jungle where Master Jedi Yoda teaches the young knight the skills of acquiring the Force. , how soon he will have to use vatsya old masters knowledge:. ahead of the battle with the superior forces of the Emperor and the deadly duel with Darth Vader ', 8.2, 198.98),
(11, 'Spirited Away', 'Sen to Chihiro no kamikakushi', 2001, 'Little Chihiro and Mom and Dad move to a new house, getting lost on the way, they find themselves in a strange desert city where a great feast awaits them. greedily attack food and, to the horror of the girl, turn into pigs, becoming prisoners of the evil sorceress Yubaba, the ruler of the mysterious world of the ancient gods and powerful spirits. ', 8.6, 145.9),
(12, 'Titanic', 'Titanic', 1997, 'Young lovers Jack and Rose find each other in the first and last voyage of the "unsinkable" Titanic. They could not know that the chic liner would face an iceberg in the cold waters of the North Atlantic, and their passionate love will turn into a battle with death ... ', 7.9, 150),
(13, 'One Flew Over the Cuckoo''s Nest', 'One Flew Over the Cuckoo''s Nest' , 1975, 'Simulated a madness in the hope of avoiding imprisonment, Randle Patrick McMurphy enters a psychiatric clinic where the almost undivided master is the cruel sister Mildred Ratched McMurphy is amazed that other patients have reconciled themselves to the present state of affairs, and some even consciously came to the hospital, hiding from the frightening external world, and is resolved to revolt alone. ', 8.7, 180),
(14, 'Walking Castle', 'Hauru no ugoku shiro', 2004, 'The wicked witch imprisoned 18-year-old Sophie in the body of the old woman.In search of someone who will help her get back to her appearance, Sophie meets with the powerful wizard Haul and his demon The calcifer must serve Haul by agreement, the terms of which he can not disclose, the girl and the demon decide to help each other get rid of evil spells ... ', 8.2, 130.5),
(15, 'Gladiator', 'Gladiator', 2000, 'In the great Roman Empire there was no military leader equal to General Maximus." The undefeated legions commanded by this noble warrior worshiped him and could follow him to hell, that the brave Maximus, ready to fight with any enemy in a fair fight, was powerless against treacherous court intrigues, the General was betrayed and sentenced to death, miraculously avoiding death, Maximus becomes a gladiator. ', 8.6, 175),
(16, 'Big Jack', 'Snatch.', 2000, 'Four-fingered Frankie had to smuggle the stolen diamond from England to the US to his boss Evie, but instead the hero finds himself in the epicenter of big trouble.) After making a bet on an underground boxing match, in a cycle of very undesirable events.Around the hero and his load unfolds a complex intrigue involving many colorful characters of the London bottom - the Russian gangster, three unlucky robbers, a cunning boxer and the sullen thug of a formidable mafia. to break the Great Kush. ', 8.5, 160),
(17, 'The Dark Knight', 'The Dark Knight', 2008, 'Batman raises the stakes in the war on crime. "With the help of Lieutenant Jim Gordon and prosecutor Harvey Dent, he intends to clean the streets of the crime that is poisoning the city. they will find themselves in the midst of the chaos unleashed by the rising criminal genius known to the frightened townspeople under the name Joker. ', 8.5, 199.99),
(18, 'How to Train Your Dragon', 'How to Train Your Dragon', 2010, 'You will learn the story of a teenage Ikking who is not too close to the traditions of his heroic tribe who has been fighting the dragons for many years.The world of Ikking is turned upside down, when he unexpectedly meets the dragon Bezubik, which will help him and other Vikings to see the familiar world from a completely different angle ... ', 8.2, 182),
(19, 'Silence of the Lambs','Silence of the Lambs', 1990,' The Psychopath abducts and kills young women throughout the Midwest of America.The FBI, confident that all crimes are committed by the same person, instructs Agent Clarissa Starling meet with a prisoner-maniac who could explain the psychological motives of the serial killer to the investigation and thereby bring him to his trail. ', 8.3, 150.5),
 (20, 'Gran Torino', 'Gran Torino', 2008, 'Retired auto mechanic Walt Kowalski spends his days fixing something in the house, drinking beer and once a month going to the hairdresser.And though the last wish of his recently deceased wife was his confession, Walt - a hardened veteran of the Korean War, always holding his rifle at the ready - there''s really nothing to admit, and there''s no one he would trust to the fullest extent that he trusts his dog Daisy. ' , 8.1, 100.5),
(21, 'Good, Bad, Evil', 'Il buono, il brutto, il cattivo', 1979, 'In the midst of a civil war, a mysterious shooter wanders through the expanses of the Wild West. "He has no home, no friends, no companions until he does not meet two strangers who are as merciless and cynical as the three men are forced to combine their efforts in search of the stolen gold, but working together is not the most suitable activity for such notorious bandits as they are.A companions soon realize that in their daring and a dangerous journey through the war-ravaged country is the most important - do not trust anyone and keep the gun ready if you want to stay alive. ', 8.5, 130),
  (22, 'The Taming of the Shrew', 'Il bisbetico domato', 1980, 'The crooked farmer who is categorically opposed to women''s society is quite happy and satisfied with his bachelor life. "But the unexpected heroine who appeared in his life is trying to change his views on life and enchant him. from this it will turn out ... ', 7.7, 120),
(23, 'Bluff', 'Bluff storia di truffe e di imbroglioni', 1976, 'Belle Duke has old scores with Philippe Bang, who is serving his term in prison.) In order to get even with Philip, Belle Duke conspires with another a swindler named Felix, so that he organized the escape of Philip Beng from prison.The escape succeeds, but the couple at the same time deceives and Belle Duke, disappearing right from under her nose.It turns out that Philip Bang, in turn, is not averse to avenge Belle Duke. For this he plans a grandiose hoax, akin to a poker bluff ... ', 7.6, 100),
(24, 'Django freed', 'Django Unchained', 2012, 'Eccentric bounty hunter, also known as the'' Dentist, trades in shooting the most dangerous criminals.The work is dusty, and he can not do without a reliable assistant. preferably not very expensive? A fugitive slave named Django is a fine nominee, but the new assistant has his own motives - something to sort out ... ', 8.5, 170),
(25, 'Dancing with Wolves','Dancing with Wolves', 1990,' The film takes place in the US during the Civil War, and US Army lieutenant John Dunbar, after being wounded in battle, asks him to move to a new duty station closer to the western border of the United States. The place of his service is a remote small fort, his immediate commander committed suicide, and fellow traveler Dunbar died in a skirmish with the Indians after he drove the hero to his destination.The people who know that Dunbar was left alone in the fort and must survive in harsh conditions, and in the neighborhood of ka the inhospitable indigenous inhabitants of North America, simply did not remain, it seemed that he was abandoned by all, gradually the lieutenant mastered himself, he kept notes in his diary ... ', 8, 120.55);

INSERT INTO movie_country (movie_id, country_id) VALUES
	(1, 1),
	(2, 1),
	(3, 1),
	(4, 1),
	(5, 2),
	(6, 1),
	(6, 3),
	(7, 4),
	(8, 1),
	(8, 5),
	(9, 1),
	(10, 1),
	(11, 6),
	(12, 1),
	(13, 1),
	(14, 6),
	(15, 1),
	(15, 3),
	(16, 3),
	(16, 1),
	(17, 1),
	(17, 3),
	(18, 1),
	(19, 1),
	(20, 1),
	(20, 5),
	(21, 4),
	(21, 7),
	(21, 5),
	(21, 1),
	(22, 4),
	(23, 4),
	(24, 1),
	(25, 1),
	(25, 3);

INSERT INTO movie_genre (movie_id, genre_id) VALUES
	(1, 1),
	(1, 2),
	(2, 3),
	(2, 1),
	(2, 2),
	(2, 4),
	(3, 1),
	(3, 5),
	(4, 1),
	(4, 6),
	(5, 1),
	(5, 7),
	(5, 6),
	(6, 8),
	(6, 9),
	(6, 10),
	(6, 1),
	(6, 4),
	(7, 1),
	(7, 5),
	(7, 7),
	(8, 10),
	(8, 1),
	(8, 2),
	(9, 8),
	(9, 3),
	(9, 9),
	(9, 11),
	(10, 8),
	(10, 3),
	(10, 9),
	(10, 11),
	(11, 12),
	(11, 13),
	(11, 3),
	(11, 11),
	(11, 14),
	(12, 1),
	(12, 5),
	(13, 1),
	(14, 12),
	(14, 13),
	(14, 3),
	(14, 11),
	(15, 9),
	(15, 1),
	(16, 2),
	(16, 7),
	(17, 8),
	(17, 9),
	(17, 10),
	(17, 2),
	(17, 1),
	(18, 13),
	(18, 3),
	(18, 7),
	(18, 11),
	(18, 14),
	(19, 10),
	(19, 2),
	(19, 4),
	(19, 1),
	(20, 1),
	(21, 15),
	(22, 7),
	(23, 7),
	(23, 2),
	(24, 1),
	(24, 15),
	(24, 11),
	(24, 7),
	(25, 1),
	(25, 11),
	(25, 15);

INSERT INTO movie_poster (movie_id, picture_id) VALUES
	(1, 1),
	(2, 2),
	(3, 3),
	(4, 4),
	(5, 5),
	(6, 6),
	(7, 7),
	(8, 8),
	(9, 9),
	(10, 10),
	(11, 11),
	(12, 12),
	(13, 13),
	(14, 14),
	(15, 15),
	(16, 16),
	(17, 17),
	(18, 18),
	(19, 19),
	(20, 20),
	(21, 21),
	(22, 22),
	(23, 23),
	(24, 24),
	(25, 25);

INSERT INTO movie_reviews (movie_id, review_id) VALUES
	(1, 1),
	(1, 2),
	(2, 3),
	(3, 4),
	(4, 5),
	(5, 6),
	(5, 7),
	(7, 8),
	(8, 9),
	(18, 10),
	(18, 11),
	(15, 12),
	(17, 13),
	(16, 14),
	(11, 15),
	(9, 16),
	(16, 17),
	(16, 18),
	(19, 19),
	(18, 20),
	(23, 21),
	(20, 22),
	(19, 23),
	(23, 24),
	(21, 25),
	(22, 26),
	(24, 27),
	(25, 28),
	(24, 29),
	(22, 30),
	(12, 31),
	(13, 32);

INSERT INTO poster (picture_id, picture_Path) VALUES
	(1, 'https://images-na.ssl-images-amazon.com/images/M/MV5BODU4MjU4NjIwNl5BMl5BanBnXkFtZTgwMDU2MjEyMDE@._V1._SY209_CR0,0,140,209_.jpg'),
	(2, 'https://images-na.ssl-images-amazon.com/images/M/MV5BMTUxMzQyNjA5MF5BMl5BanBnXkFtZTYwOTU2NTY3._V1._SY209_CR0,0,140,209_.jpg'),
	(3, 'https://images-na.ssl-images-amazon.com/images/M/MV5BNWIwODRlZTUtY2U3ZS00Yzg1LWJhNzYtMmZiYmEyNmU1NjMzXkEyXkFqcGdeQXVyMTQxNzMzNDI@._V1._SY209_CR2,0,140,209_.jpg'),
	(4, 'https://images-na.ssl-images-amazon.com/images/M/MV5BNDE4OTMxMTctNmRhYy00NWE2LTg3YzItYTk3M2UwOTU5Njg4XkEyXkFqcGdeQXVyNjU0OTQ0OTY@._V1._SX140_CR0,0,140,209_.jpg'),
	(5, 'https://images-na.ssl-images-amazon.com/images/M/MV5BMTYxNDA3MDQwNl5BMl5BanBnXkFtZTcwNTU4Mzc1Nw@@._V1._SY209_CR0,0,140,209_.jpg'),
	(6, 'https://images-na.ssl-images-amazon.com/images/M/MV5BMjAxMzY3NjcxNF5BMl5BanBnXkFtZTcwNTI5OTM0Mw@@._V1._SY209_CR0,0,140,209_.jpg'),
	(7, 'https://images-na.ssl-images-amazon.com/images/M/MV5BYmJmM2Q4NmMtYThmNC00ZjRlLWEyZmItZTIwOTBlZDQ3NTQ1XkEyXkFqcGdeQXVyMTQxNzMzNDI@._V1._SY209_CR0,0,140,209_.jpg'),
	(8, 'https://images-na.ssl-images-amazon.com/images/M/MV5BZGY5Y2RjMmItNDg5Yy00NjUwLThjMTEtNDc2OGUzNTBiYmM1XkEyXkFqcGdeQXVyNjU0OTQ0OTY@._V1._SY209_CR0,0,140,209_.jpg'),
	(9, 'https://images-na.ssl-images-amazon.com/images/M/MV5BYTUwNTdiMzMtNThmNS00ODUzLThlMDMtMTM5Y2JkNWJjOGQ2XkEyXkFqcGdeQXVyNzQ1ODk3MTQ@._V1._SX140_CR0,0,140,209_.jpg'),
	(10, 'https://images-na.ssl-images-amazon.com/images/M/MV5BYmViY2M2MTYtY2MzOS00YjQ1LWIzYmEtOTBiNjhlMGM0NjZjXkEyXkFqcGdeQXVyNDYyMDk5MTU@._V1._SX140_CR0,0,140,209_.jpg'),
	(11, 'https://images-na.ssl-images-amazon.com/images/M/MV5BOGJjNzZmMmUtMjljNC00ZjU5LWJiODQtZmEzZTU0MjBlNzgxL2ltYWdlXkEyXkFqcGdeQXVyNTAyODkwOQ@@._V1._SY209_CR0,0,140,209_.jpg'),
	(12, 'https://images-na.ssl-images-amazon.com/images/M/MV5BMDdmZGU3NDQtY2E5My00ZTliLWIzOTUtMTY4ZGI1YjdiNjk3XkEyXkFqcGdeQXVyNTA4NzY1MzY@._V1._SY209_CR0,0,140,209_.jpg'),
	(13, 'https://images-na.ssl-images-amazon.com/images/M/MV5BZjA0OWVhOTAtYWQxNi00YzNhLWI4ZjYtNjFjZTEyYjJlNDVlL2ltYWdlL2ltYWdlXkEyXkFqcGdeQXVyMTQxNzMzNDI@._V1._SY209_CR0,0,140,209_.jpg'),
	(14, 'https://images-na.ssl-images-amazon.com/images/M/MV5BZTRhY2QwM2UtNWRlNy00ZWQwLTg3MjktZThmNjQ3NTdjN2IxXkEyXkFqcGdeQXVyMzg2MzE2OTE@._V1._SY209_CR5,0,140,209_.jpg'),
	(15, 'https://images-na.ssl-images-amazon.com/images/M/MV5BMDliMmNhNDEtODUyOS00MjNlLTgxODEtN2U3NzIxMGVkZTA1L2ltYWdlXkEyXkFqcGdeQXVyNjU0OTQ0OTY@._V1._SY209_CR0,0,140,209_.jpg'),
	(16, 'https://images-na.ssl-images-amazon.com/images/M/MV5BMTA2NDYxOGYtYjU1Mi00Y2QzLTgxMTQtMWI1MGI0ZGQ5MmU4XkEyXkFqcGdeQXVyNDk3NzU2MTQ@._V1._SY209_CR1,0,140,209_.jpg'),
	(17, 'https://images-na.ssl-images-amazon.com/images/M/MV5BMTMxNTMwODM0NF5BMl5BanBnXkFtZTcwODAyMTk2Mw@@._V1._SY209_CR0,0,140,209_.jpg'),
	(18, 'https://images-na.ssl-images-amazon.com/images/M/MV5BMjA5NDQyMjc2NF5BMl5BanBnXkFtZTcwMjg5ODcyMw@@._V1._SY209_CR0,0,140,209_.jpg'),
	(19, 'https://images-na.ssl-images-amazon.com/images/M/MV5BNjNhZTk0ZmEtNjJhMi00YzFlLWE1MmEtYzM1M2ZmMGMwMTU4XkEyXkFqcGdeQXVyNjU0OTQ0OTY@._V1._SY209_CR1,0,140,209_.jpg'),
	(20, 'https://images-na.ssl-images-amazon.com/images/M/MV5BMTc5NTk2OTU1Nl5BMl5BanBnXkFtZTcwMDc3NjAwMg@@._V1._SY209_CR0,0,140,209_.jpg'),
	(21, 'https://images-na.ssl-images-amazon.com/images/M/MV5BOTQ5NDI3MTI4MF5BMl5BanBnXkFtZTgwNDQ4ODE5MDE@._V1._SX140_CR0,0,140,209_.jpg'),
	(22, 'https://images-na.ssl-images-amazon.com/images/M/MV5BMTc5NTM5OTY0Nl5BMl5BanBnXkFtZTcwNjg1MjcyMQ@@._V1._SY209_CR3,0,140,209_.jpg'),
	(23, 'https://images-na.ssl-images-amazon.com/images/M/MV5BMjk5YmMxMjMtMTlkNi00YTI5LThhYTMtOTk2NmNiNzQwMzI0XkEyXkFqcGdeQXVyMTQ3Njg3MQ@@._V1._SX140_CR0,0,140,209_.jpg'),
	(24, 'https://images-na.ssl-images-amazon.com/images/M/MV5BMjIyNTQ5NjQ1OV5BMl5BanBnXkFtZTcwODg1MDU4OA@@._V1._SY209_CR0,0,140,209_.jpg'),
	(25, 'https://images-na.ssl-images-amazon.com/images/M/MV5BMTY3OTI5NDczN15BMl5BanBnXkFtZTcwNDA0NDY3Mw@@._V1._SX140_CR0,0,140,209_.jpg');

INSERT INTO reviews (review_id, text, user_id) VALUES
(1, 'An ingenious movie! You look and think "It does not happen like this!", But later you realize that it''s the only way. You start to rethink the meaning of the phrase that you constantly use in your life, "Hope dies last." do not hope, then everything in your life goes out, there is no sense. "The film is filled with an infinite number of correct aphorisms, I''m sure that I will review it hundreds of times. ', 2),
(2, 'Cinema is, of course, "with a quality mark." As for the first place in the rating, I think it was the place to put "ten" from the majority of viewers, coupled with the fanatical enthusiastic response of film critics. and, of course, deserves to be quite high in the world cinema. ', 3),
(3, 'I have ceased to be surprised that this film occupies only the first places in all sorts of movie ratings.I especially love when, in the adaptation of a literary work, due to the specificity of the cinema, irony disappears and there appears a certain superrealism obliged to keep the viewer at the screen every single second . ', 1),
(4, 'There is much more to say about this masterpiece, and what he teaches to believe, and never to give up ... But the most important motto I saw in this phrase is:" Make life, or engage in death. ', 5),
(5, 'A very good film, an unusual story, I would even say unpredictable.) Such films have already become a rarity.', 6),
(6, 'I do not have the words to describe this film.) I do not want to be trite and say how great he is, unpredictable, etc., but this can not be avoided - he''s a MASTER !', 9),
(7, 'I''ll tell you at once - the film looked promising, even if you do not take into account that he was in the top-250 best films.) Well-known Hollywood actors starring, but there is no proper atmosphere in this film. That the heroes were in a situation from which they can not get out. "In general, I did not like it. ', 7),
  (8, '"Everything should be super! Super! Su-per!") And this is super, well, you will not find the words of others.', 3),
  (9, 'The film is very beautiful, not all, of course, but bright characters and costumes are already something.', 10),
  (10, 'This film is from the category of those that can provide a good rest and high spirits due to its lightness, absolutely out of humor, a moderate dose of tension, the dynamics of the required speeds.', 3),
  (11, 'Appointed by Kinoshideur among entertaining films.', 5),
  (12, 'This film is an ageless classic of world cinema that can be reviewed endlessly and, surprisingly, it can not get bored.', 7),
  (13, 'I recommend that you look at all and do not pay attention to the bored already salvation of the whole world by one person.', 4),
(14, 'Surprised: No one responded badly?) Was there really a work of art that everyone likes, and which is perfect? ​​No. No. Maybe I''m the only one? The film does not evoke any emotion in me. A good fairy tale. A wonderful naive atmosphere. funny jokes, and, as it seemed to me, this film is a kind of banter over other militants, which is superior to many militants. ', 4),
(15, 'An unusually positive film, it can be reviewed many times to raise the mood, finding many funny, imperceptible at first glance moments.', 10),
(16, 'Legendary, Cult, Immortal, Three words, only three, and how much do they express genuine emotions and joyful impressions in relation to the next favorite and respected film from the past in the summer of childhood? A lot. Too many. And to describe these heartfelt and prancing in common sense with ordinary lower sentences is sometimes not possible. ', 7),
(17, 'Pleasant viewing for all who have not seen this masterpiece more impressions for those who revise the tenth time. =)', 6),
(18, 'This is one of my favorite films since childhood, I''ve seen it so many times that I know almost by heart.) And I can say with certainty that I will see it more than once.', 5),
(19, 'The film has certainly been viewed by a large part of the population, which in any way has something to do with cinema.) I believe that the film can be reviewed more than once.', 3),
(20, 'The film is thought out to the smallest detail.) Ideal film for mood improvement, unique in its kind. Must be viewed!', 8),
(21, 'The film is amazing, it lacks absolutely everything: both fights, and music, and humor, and love.', 5),
(22, 'The film has its own small flaws and inaccuracies, but numerous dignities outweigh several times.) A lot of inspiring creativity!', 1),
(23, 'Though I do not have a squeaky record with a melody,'' Earlier, the trees were taller, and the grass is greener ... ", but I want to express my love for such a close work.', 2),
(24, 'Verdict: a beautiful, timeless classic, which I recommended to everyone.', 8),
(25, 'For Sunday evening viewing is suitable for all criteria.', 4),
(26, 'A good and really interesting film, with a good storyline and good music.) I advise everyone to watch.', 5),
(27, 'I believe this film should be in the collection of every self-respecting film-man.', 6),
(28, 'An unbelievable masterpiece of the world cinema that can be reviewed dozens of times and get everything like that, sorry for the expression, the thrill of viewing.) Of course there are some drawbacks to the film, but dammit, they just do not want to notice! watching a movie that just does not feel like picking on all sorts of things. ', 7),
(29, 'The film only benefits from frequent viewing and always raises my mood (along with drama, there''s also subtle humor).', 8),
(30, 'Of course, indisputably a cult film, not realistic, naive, where something stupid, but as fascinating and amazing as it was many years ago', 9),
(31, 'In the end, we have an excellent representative of his genre, which passed the test of time and still looks great, despite the classic plot', 9),
(32, 'I will only say one thing - how I regret that I did not see it before!', 10);

INSERT INTO users (user_id, user_name, user_email, password) VALUES
(1, 'Ronald Reynolds', 'ronald.reynolds66@example.com', 'paco'),
(2, 'Darlene Edwards', 'darlene.edwards15@example.com', 'bricks'),
(3, 'Gabriel Jackson', 'gabriel.jackson91@example.com', 'hjkl'),
(4, 'Daryl Bryant', 'daryl.bryant94@example.com', 'exodus'),
(5, 'Neil Parker', 'neil.parker43@example.com', '878787'),
(6, 'Travis Wright', 'travis.wright36@example.com', 'smart'),
(7, 'Amelia Kennedy', 'amelia.kennedy58@example.com', 'beaker'),
(8, 'Aida Davis', 'ida.davis80@example.com', 'pepsi1'),
(9, 'Jesse Patterson', 'jessie.patterson68@example.com', 'tommy'),
(10, 'Dennis Craig', 'dennis.craig82@example.com', 'coldbeer');